{"cameraMode":{"drawMode":1,"name":"Wireframe","section":"Shading Mode"},"sceneLighting":false,"audioPlay":false,"sceneViewState":{"m_AlwaysRefresh":false,"showFog":true,"showSkybox":true,"showFlares":true,"showImageEffects":true,"showParticleSystems":true,"showVisualEffectGraphs":true,"m_FxEnabled":false},"in2DMode":false,"pivot":{"x":0.11653900146484375,"y":0.2554755210876465,"z":-3.065985679626465},"rotation":{"x":0.060364630073308948,"y":0.9232115149497986,"z":-0.16259360313415528,"w":0.3430800437927246},"size":8.989344596862793,"orthographic":false}