{"cameraMode":{"drawMode":1,"name":"Wireframe","section":"Shading Mode"},"sceneLighting":false,"audioPlay":false,"sceneViewState":{"m_AlwaysRefresh":false,"showFog":true,"showSkybox":true,"showFlares":true,"showImageEffects":true,"showParticleSystems":true,"showVisualEffectGraphs":true,"m_FxEnabled":false},"in2DMode":false,"pivot":{"x":1.499793529510498,"y":0.5889668464660645,"z":-3.8398170471191408},"rotation":{"x":0.052820973098278049,"y":0.9396279454231262,"z":-0.16984392702579499,"w":0.29251500964164736},"size":7.977624416351318,"orthographic":false}