{"cameraMode":{"drawMode":0,"name":"Shaded","section":"Shading Mode"},"sceneLighting":false,"audioPlay":false,"sceneViewState":{"m_AlwaysRefresh":false,"showFog":false,"showSkybox":false,"showFlares":false,"showImageEffects":false,"showParticleSystems":false,"showVisualEffectGraphs":true,"m_FxEnabled":false},"in2DMode":false,"pivot":{"x":-0.003977388143539429,"y":0.6563060879707336,"z":0.003377079963684082},"rotation":{"x":-0.0002827277348842472,"y":0.9944581985473633,"z":0.0026754329446703197,"w":0.10510649532079697},"size":0.8065717220306397,"orthographic":false}